<?xml version="1.0" encoding="UTF-8"?>
<project-private xmlns="http://www.netbeans.org/ns/project-private/1">
    <editor-bookmarks xmlns="http://www.netbeans.org/ns/editor-bookmarks/2" lastBookmarkId="0"/>
    <open-files xmlns="http://www.netbeans.org/ns/projectui-open-files/2">
        <group>
            <file>file:/D:/java2new/WebExaple/src/java/Addition.java</file>
            <file>file:/D:/java2new/WebExaple/web/home.jsp</file>
            <file>file:/D:/java2new/WebExaple/src/java/RegSer.java</file>
            <file>file:/D:/java2new/WebExaple/web/SI.jsp</file>
            <file>file:/D:/java2new/WebExaple/web/index.jsp</file>
            <file>file:/D:/java2new/WebExaple/src/java/FabSer.java</file>
            <file>file:/D:/java2new/WebExaple/src/java/SISer.java</file>
            <file>file:/D:/java2new/WebExaple/web/Fabonacci.jsp</file>
            <file>file:/D:/java2new/WebExaple/web/contact.jsp</file>
        </group>
    </open-files>
</project-private>
